<?xml version="1.0" encoding="UTF-8"?>
<addon id="plugin.audio.freieradios" version="1.0.1" name="Freie Radios" provider-name="madsters">
<requires>
  <import addon="xbmc.python" version="2.25.0"/>
</requires>
<extension point="xbmc.python.pluginsource" library="main.py">
  <provides>audio</provides>
</extension>
<extension point="xbmc.addon.metadata">
  <summary lang="de">Freie Radios aus Deutschland</summary>
  <description lang="de_DE">Livestreams von Freien Radios aus Deutschland: Freie Radios finanzieren sich meist rein durch Spenden und Mitwirkende sind Freiwillige.
  
	  Radio-Icon made by Freepik from www.flaticon.com
  </description>
  <disclaimer lang="de_DE">Livestream-Links von den offizielen Seiten.</disclaimer>
  <assets>
	<icon>icon.png</icon>
	<fanart>fanart.jpg</fanart>
	<screenshot>resources\screenshot-01.jpg</screenshot>
	<screenshot>resources\screenshot-02.jpg</screenshot>
    <screenshot>resources\screenshot-03.jpg</screenshot>    
  </assets>
  <news>v1.0.1[03/02/2020] Hinzufügen von Österreichischen Sendern.
	  v1.0.0 [02/02/2020] Hello World</news>
</extension>
</addon>
