<?xml version="1.0" encoding="UTF-8"?>
    <addon id="repository.madsters" name="Madsters Repo" version="1.0.0" provider-name="madsters">
        <requires>
            <import addon="xbmc.addon" version="12.0.0"/>
        </requires>
        <extension point="xbmc.addon.repository" name="Madsters Repo">
            <info compressed="false">https://raw.githubusercontent.com/madsters/repository.madsters/master/_repo/addons.xml</info>
            <checksum>https://raw.githubusercontent.com/madsters/repository.madsters/master/_repo/addons.xml.md5</checksum>
            <datadir zip="true">https://raw.githubusercontent.com/madsters/repository.madsters/master/_repo/</datadir>
            <hashes>false</hashes>
        </extension>
        <extension point="xbmc.addon.metadata">
            <summary>Repo of Madsters.</summary>
            <description>Madsters Repo with the MagentaTV Skin and Freie Radios-Music-Addon</description>
            <platform>all</platform>
    </extension>
</addon>